"month_name","avg_temp"
"January  ","18.3371735791090630"
"February ","17.5745196324143693"
"March    ","16.2473886328725038"
"April    ","17.4015873015873016"
"May      ","17.4483102918586790"
"June     ","17.7319841269841270"
"July     ","17.3412442396313364"
"August   ","17.5662826420890937"
"September","17.9265079365079365"
"October  ","17.2271889400921659"
"November ","16.7501587301587302"
"December ","17.8826420890937020"
