"country","avg_temp"
"Canada","17.9033287733698130"
"Australia","17.8424076607387141"
"Brazil","17.4823529411764706"
"India","17.4284541723666211"
"South Africa","17.3990880072959416"
"USA","17.1423164614683083"
"Germany","16.9666666666666667"
